{"cameraMode":{"drawMode":0,"name":"Shaded","section":"Shading Mode"},"sceneLighting":true,"audioPlay":false,"sceneViewState":{"m_AlwaysRefresh":false,"showFog":true,"showSkybox":true,"showFlares":true,"showImageEffects":true,"showParticleSystems":true,"showVisualEffectGraphs":true,"m_FxEnabled":true},"in2DMode":false,"pivot":{"x":2.3747987747192385,"y":1.863604187965393,"z":1.6417409181594849},"rotation":{"x":-0.0664982795715332,"y":0.8348677158355713,"z":-0.10347168892621994,"w":-0.5365365147590637},"size":0.003739215200766921,"orthographic":false}